<?xml version="1.0" encoding="UTF-8"?>
<data xmlns="ns:workflow" xmlns:xsi="http://www.w3.org/2001/XMLSchema-instance" xsi:schemaLocation="ns:workflow resource:WorkflowData">
	<documentTypes xmlns="ns:workflow/DocumentType" xsi:schemaLocation="ns:workflow/DocumentType resource:DocumentType">
		<documentType>
			<name>PersonEditableFieldMaintenanceDocument</name>
			<description>Create a New Person Editable Field</description>
			<label>Person Editable Field</label>
			<parent>ArMaintenanceDocument</parent>
			<helpDefinitionURL>default.htm?turl=Documents/persontableeditablecolumns.htm</helpDefinitionURL>
		</documentType>
	</documentTypes>	
</data>