<?xml version="1.0" encoding="UTF-8"?>
<data xmlns="ns:workflow" xmlns:xsi="http://www.w3.org/2001/XMLSchema-instance" xsi:schemaLocation="ns:workflow resource:WorkflowData">
	<documentTypes xmlns="ns:workflow/DocumentType" xsi:schemaLocation="ns:workflow/DocumentType resource:DocumentType">
		<documentType>
			<name>ArgValueLookupMaintenanceDocument</name>
			<description>Create/Edit a Argument Value Lookup</description>
			<label>Argument Value</label>
			<parent>ArSharedMaintenanceDocument</parent>
			<helpDefinitionURL>default.htm?turl=Documents/argumentvalue.htm</helpDefinitionURL>
		</documentType>
	</documentTypes>	
</data>