<?xml version="1.0" encoding="UTF-8"?>
<data xmlns="ns:workflow" xmlns:xsi="http://www.w3.org/2001/XMLSchema-instance" xsi:schemaLocation="ns:workflow resource:WorkflowData">
	<documentTypes xmlns="ns:workflow/DocumentType" xsi:schemaLocation="ns:workflow/DocumentType resource:DocumentType">
		<documentType>
			<name>BudgetCategoryMaintenanceDocument</name>
			<description>Create/Edit a Budget Category</description>
			<label>Budget Category Maintenance Document</label>
			<parent>ArProposalsMaintenanceDocument</parent>
			<helpDefinitionURL>default.htm?turl=Documents/budgetcategory.htm</helpDefinitionURL>
		</documentType>
	</documentTypes>	
</data>