<?xml version="1.0" encoding="UTF-8"?>
<data xmlns="ns:workflow" xmlns:xsi="http://www.w3.org/2001/XMLSchema-instance" xsi:schemaLocation="ns:workflow resource:WorkflowData">
	<documentTypes xmlns="ns:workflow/DocumentType" xsi:schemaLocation="ns:workflow/DocumentType resource:DocumentType">
		<documentType>
			<name>Ariah Research Sub Module Maintenance Document</name>
			<description>Create an Ariah Research Sub Module</description>
			<label>Ariah Research Sub Module</label>
			<parent>ArMiscellaneousMaintenanceDocument</parent>
		</documentType>
	</documentTypes>	
</data>