<?xml version="1.0" encoding="UTF-8"?>
<data xmlns="ns:workflow" xmlns:xsi="http://www.w3.org/2001/XMLSchema-instance"
    xsi:schemaLocation="ns:workflow resource:WorkflowData">
    <documentTypes xmlns="ns:workflow/DocumentType"
        xsi:schemaLocation="ns:workflow/DocumentType resource:DocumentType">
        <documentType>
            <name>CostShareTypeMaintenanceDocument</name>
            <description>Create/Edit a Cost Share Type</description>
            <label>Cost Share Type</label>
            <parent>ArSharedMaintenanceDocument</parent>
            <helpDefinitionURL>default.htm?turl=Documents/costsharetype.htm</helpDefinitionURL>
        </documentType>
    </documentTypes>
</data>