<?xml version="1.0" encoding="UTF-8"?>
<data xmlns="ns:workflow" xmlns:xsi="http://www.w3.org/2001/XMLSchema-instance" xsi:schemaLocation="ns:workflow resource:WorkflowData">
	<documentTypes xmlns="ns:workflow/DocumentType" xsi:schemaLocation="ns:workflow/DocumentType resource:DocumentType">
		<documentType>
			<name>DegreeTypeMaintenanceDocument</name>
			<description>Create/Edit a Degree Type entry</description>
			<label>Degree Type</label>
			<parent>ArProposalsMaintenanceDocument</parent>
			<helpDefinitionURL>default.htm?turl=Documents/degreetype.htm</helpDefinitionURL>
		</documentType>
	</documentTypes>	
</data>