<?xml version="1.0" encoding="UTF-8"?>
<data xmlns="ns:workflow" xmlns:xsi="http://www.w3.org/2001/XMLSchema-instance" xsi:schemaLocation="ns:workflow resource:WorkflowData">
    <documentTypes xmlns="ns:workflow/DocumentType" xsi:schemaLocation="ns:workflow/DocumentType resource:DocumentType">
        <documentType>
            <name>FinEntitiesDataMatrixMaintenanceDocument</name>
            <description>Create a Fin Entity Data Matrix</description>
            <label>Financial Entity Data Matrix Maintenance Document</label>
            <parent>ArMiscellaneousMaintenanceDocument</parent>
			<helpDefinitionURL>default.htm?turl=Documents/entitydatamatrix.htm</helpDefinitionURL>
        </documentType>
    </documentTypes>    
</data>