<?xml version="1.0" encoding="UTF-8"?>
<data xmlns="ns:workflow" xmlns:xsi="http://www.w3.org/2001/XMLSchema-instance" xsi:schemaLocation="ns:workflow resource:WorkflowData">
	<documentTypes xmlns="ns:workflow/DocumentType" xsi:schemaLocation="ns:workflow/DocumentType resource:DocumentType">
		<documentType>
			<name>ProtocolAttachmentStatusMaintenanceDocument</name>
			<description>Create a Protocol Attachment Status</description>
			<label>Protocol Attachment Status Maintenance Document</label>
			<parent>ArComplianceMaintenanceDocument</parent>
			<helpDefinitionURL>default.htm?turl=Documents/protocolattachmentstatus.htm</helpDefinitionURL>
		</documentType>
	</documentTypes>	
</data>