<?xml version="1.0" encoding="UTF-8"?>
<data xmlns="ns:workflow" xmlns:xsi="http://www.w3.org/2001/XMLSchema-instance"
    xsi:schemaLocation="ns:workflow resource:WorkflowData">
    <documentTypes xmlns="ns:workflow/DocumentType"
        xsi:schemaLocation="ns:workflow/DocumentType resource:DocumentType">
        <documentType>
            <name>Protocol Organization Type Maintenance Document</name>
            <description>Create/Edit a Protocol Organization Type</description>
            <label>Protocol Protocol Organization Type</label>
            <parent>ArSharedMaintenanceDocument</parent>
	    <helpDefinitionURL>default.htm?turl=Documents/protocolorganizationtype.htm</helpDefinitionURL>
        </documentType>
    </documentTypes>
</data>