<?xml version="1.0" encoding="UTF-8"?>
<data xmlns="ns:workflow" xmlns:xsi="http://www.w3.org/2001/XMLSchema-instance" xsi:schemaLocation="ns:workflow resource:WorkflowData">
	<documentTypes xmlns="ns:workflow/DocumentType" xsi:schemaLocation="ns:workflow/DocumentType resource:DocumentType">
		<documentType>
			<name>ProtocolAttachmentTypeGroupMaintenanceDocument</name>
			<description>Create a Protocol Attachment Type Group</description>
			<label>Protocol Attachment Type Group Maintenance Document</label>
			<parent>ArComplianceMaintenanceDocument</parent>
			<helpDefinitionURL>default.htm?turl=Documents/protocolattachmenttypegroup.htm</helpDefinitionURL>
		</documentType>
	</documentTypes>	
</data>