<?xml version="1.0" encoding="UTF-8"?>
<data xmlns="ns:workflow" xmlns:xsi="http://www.w3.org/2001/XMLSchema-instance" xsi:schemaLocation="ns:workflow resource:WorkflowData">
    <documentTypes xmlns="ns:workflow/DocumentType" xsi:schemaLocation="ns:workflow/DocumentType resource:DocumentType">
        <documentType>
            <name>S2sErrorMessageMaintenanceDocument</name>
            <description>Create/Edit an S2S Error Message</description>
            <label>S2S Error Message</label>
            <parent>ArSharedMaintenanceDocument</parent>
            <helpDefinitionURL>default.htm</helpDefinitionURL>
        </documentType>
    </documentTypes>    
</data>