<?xml version="1.0" encoding="UTF-8"?>
<data xmlns="ns:workflow" xmlns:xsi="http://www.w3.org/2001/XMLSchema-instance" xsi:schemaLocation="ns:workflow resource:WorkflowData">
	<documentTypes xmlns="ns:workflow/DocumentType" xsi:schemaLocation="ns:workflow/DocumentType resource:DocumentType">
		<documentType>
			<name>SubAwardInvoiceMaintenanceDocument</name>
			<description>Create a Subaward Invoice</description>
			<label>Subaward Invoice</label>
			<parent>ArSharedMaintenanceDocument</parent>
            <routePaths>
                <routePath>
                    <start name="Initiated" nextNode="SubAwardRequisitionerReview" />
					<requests name="SubAwardRequisitionerReview" />
                </routePath>
            </routePaths>
            <routeNodes>
                <start name="Initiated">
                    <activationType>P</activationType>
                    <mandatoryRoute>false</mandatoryRoute>
                    <finalApproval>false</finalApproval>
                </start>
                 <role name="SubAwardRequisitionerReview">
					<qualifierResolver>SubawardInvoiceRequeisitionerApprover-XPathQualifierResolver</qualifierResolver> 
                    <activationType>P</activationType>
                    <mandatoryRoute>true</mandatoryRoute>                    
					<finalApproval>false</finalApproval>
	            </role>   
            </routeNodes>
			
		</documentType>
	</documentTypes>
	
	<ruleAttributes xmlns="ns:workflow/RuleAttribute"
		xsi:schemaLocation="ns:workflow/RuleAttribute resource:RuleAttribute">
		<ruleAttribute>
			<name>SubawardInvoiceRequeisitionerApprover-XPathQualifierResolver</name>
			<className>org.kuali.rice.kew.role.XPathQualifierResolver</className>
			<label>SubawardInvoiceRequeisitionerApprover-XPathQualifierResolver</label>
			<description>Subaward Invoice Requisitioner Resolver</description>
			<type>QualifierResolver</type>
			<serviceNamespace>KC</serviceNamespace>
			<resolverConfig>
				<attributes name="subAward">
					<xPathExpression>//document/newMaintainableObject/businessObject/subAwardId</xPathExpression>
				</attributes>
			</resolverConfig>
		</ruleAttribute>
    </ruleAttributes>
	
</data>