<?xml version="1.0" encoding="UTF-8"?>
<data xmlns="ns:workflow" xmlns:xsi="http://www.w3.org/2001/XMLSchema-instance" xsi:schemaLocation="ns:workflow resource:WorkflowData">
    <documentTypes xmlns="ns:workflow/DocumentType" xsi:schemaLocation="ns:workflow/DocumentType resource:DocumentType">
        <documentType>
            <name>UnitAdministratorTypeMaintenanceDocument</name>
            <description>Create a New Administrator Type</description>
            <label>Administrator Type</label>
            <parent>ArMiscellaneousMaintenanceDocument</parent>
            <helpDefinitionURL>default.htm?turl=Documents/unitadministratortype.htm</helpDefinitionURL>
        </documentType>
    </documentTypes>    
</data>