<?xml version="1.0" encoding="UTF-8"?>
<data xmlns="ns:workflow" xmlns:xsi="http://www.w3.org/2001/XMLSchema-instance"
	xsi:schemaLocation="ns:workflow resource:WorkflowData">
	<documentTypes xmlns="ns:workflow/DocumentType"
		xsi:schemaLocation="ns:workflow/DocumentType resource:DocumentType">
		<documentType>
			<name>ValidProtoSubRevTypeMaintenanceDocument</name>
			<description>Create/Edit Valid Protocol Submission Review Type</description>
			<label>Valid Protocol Submission Review Type</label>
			<parent>ArSharedMaintenanceDocument</parent>
			<helpDefinitionURL>default.htm?turl=Documents/validprotocolsubmissionreviewtype.htm</helpDefinitionURL>
		</documentType>
	</documentTypes>
</data>