<?xml version="1.0" encoding="UTF-8"?>
<data xmlns="ns:workflow" xmlns:xsi="http://www.w3.org/2001/XMLSchema-instance" xsi:schemaLocation="ns:workflow resource:WorkflowData">
	<documentTypes xmlns="ns:workflow/DocumentType" xsi:schemaLocation="ns:workflow/DocumentType resource:DocumentType">
		<documentType>
			<name>ValidBasisMethodPaymentMaintenanceDocument</name>
			<description>Document used to create or update Valid Basis Method Payment business objects.</description>
			<label>Valid Basis Method Payment Maintenance Document</label>
			<parent>ArSharedMaintenanceDocument</parent>
		</documentType>
	</documentTypes>	
</data>