<?xml version="1.0" encoding="UTF-8"?>
<data xmlns="ns:workflow" xmlns:fo="http://www.w3.org/1999/XSL/Format"
      xmlns:xsi="http://www.w3.org/2001/XMLSchema-instance"
      xsi:schemaLocation="ns:workflow resource:WorkflowData">
    <documentTypes xmlns="ns:workflow/DocumentType"
                       xsi:schemaLocation="ns:workflow/DocumentType resource:DocumentType">
        <documentType>
            <name>AR</name>
            <description>Create an AR document</description>
            <label>AR</label>
            <parent>KualiDocument</parent>
            <serviceNamespace>KC</serviceNamespace>
            <!--Does not work when using param replacement-->
            <!--<serviceNamespace>${service.namespace}</serviceNamespace>-->
            <postProcessorName>
                org.kuali.rice.krad.workflow.postprocessor.KualiPostProcessor
            </postProcessorName>
        </documentType>
    </documentTypes>
</data>
