<?xml version="1.0" encoding="UTF-8"?>
<data xmlns="ns:workflow" xmlns:xsi="http://www.w3.org/2001/XMLSchema-instance" xsi:schemaLocation="ns:workflow resource:WorkflowData">
	<documentTypes xmlns="ns:workflow/DocumentType" xsi:schemaLocation="ns:workflow/DocumentType resource:DocumentType">
		<documentType>
			<name>ExpeditedReviewCheckListMaintenanceDocument</name>
			<description>Create a New Expedited Review CheckList Item</description>
			<label>Expedited Review CheckList Item</label>
			<parent>ArComplianceMaintenanceDocument</parent>
			<helpDefinitionURL>default.htm?turl=Documents/expeditedreviewchecklist.htm</helpDefinitionURL>
		</documentType>
	</documentTypes>	
</data>