<?xml version="1.0" encoding="UTF-8"?>
<data xmlns="ns:workflow" xmlns:xsi="http://www.w3.org/2001/XMLSchema-instance" xsi:schemaLocation="ns:workflow resource:WorkflowData">
	<documentTypes xmlns="ns:workflow/DocumentType" xsi:schemaLocation="ns:workflow/DocumentType resource:DocumentType">
		<documentType>
			<name>Questionnaire Usage Maintenance Document</name>
			<description>Create a Questionnaire Usage</description>
			<label>Questionnaire Usage</label>
			<parent>ArSharedMaintenanceDocument</parent>
		</documentType>
	</documentTypes>	
</data>