<?xml version="1.0" encoding="UTF-8"?>
<data xmlns="ns:workflow" xmlns:xsi="http://www.w3.org/2001/XMLSchema-instance" xsi:schemaLocation="ns:workflow resource:WorkflowData">
	<documentTypes xmlns="ns:workflow/DocumentType" xsi:schemaLocation="ns:workflow/DocumentType resource:DocumentType">
		<documentType>
			<name>ValidNarrFormsMaintenanceDocument</name>
			<description>Map a Valid Narrative type to an S2S form </description>
			<label>Valid Narrative Type - S2S Form</label>
			<parent>ArSharedMaintenanceDocument</parent>
		</documentType>
	</documentTypes>	
</data>