<?xml version="1.0" encoding="UTF-8"?>
<data xmlns="ns:workflow" xmlns:xsi="http://www.w3.org/2001/XMLSchema-instance" xsi:schemaLocation="ns:workflow resource:WorkflowData">
	<documentTypes xmlns="ns:workflow/DocumentType" xsi:schemaLocation="ns:workflow/DocumentType resource:DocumentType">
		<documentType>
			<name>RiskLevelMaintenanceDocument</name>
			<description>Create a New Risk Level</description>
			<label>Risk Level Maintenance Document</label>
			<parent>ArMaintenanceDocument</parent>
			<helpDefinitionURL>default.htm?turl=Documents/risklevel.htm</helpDefinitionURL>
		</documentType>
	</documentTypes>	
</data>