<?xml version="1.0" encoding="UTF-8"?>
<data xmlns="ns:workflow" xmlns:xsi="http://www.w3.org/2001/XMLSchema-instance" xsi:schemaLocation="ns:workflow resource:WorkflowData">
    <groups xmlns="ns:workflow/Group" xsi:schemaLocation="ns:workflow/Group resource:Group">
        <group>
            <name>AwardAdmin</name>
            <namespace>KC-WKFLW</namespace>
            <description>Award Administrator</description>
            <members>
                <principalName>kc</principalName>
            </members>
        </group>
    </groups>
    <documentTypes xmlns="ns:workflow/DocumentType" xsi:schemaLocation="ns:workflow/DocumentType resource:DocumentType">
        <documentType>
            <name>AwardDocument</name>
            <description>Manage Award</description>
            <label>Award</label>
            <parent>AR</parent>
            <postProcessorName>org.kuali.kra.workflow.KcPostProcessor</postProcessorName>
            <superUserWorkgroupName>KC-WKFLW:AwardAdmin</superUserWorkgroupName>
            <blanketApproveWorkgroupName>KC-WKFLW:AwardAdmin</blanketApproveWorkgroupName>
            <defaultExceptionWorkgroupName>KC-WKFLW:AwardAdmin</defaultExceptionWorkgroupName>
            <docHandler>${kuali.docHandler.url.prefix}/awardHome.do?methodToCall=docHandler</docHandler>
            <helpDefinitionURL>default.htm?turl=Documents/award.htm</helpDefinitionURL>
            <active>true</active>
            <attributes>
                <attribute>
                    <name>AwardIdSearchAttribute</name>
                </attribute>
                <attribute>
                    <name>AwardTitleSearchAttribute</name>
                </attribute>
                <attribute>
                    <name>AccountNumberSearchAttribute</name>
                </attribute>
                <attribute>
                    <name>InvestigatorSearchAttribute</name>
                </attribute>
                <attribute>
                    <name>LeadUnitSearchAttribute</name>
                </attribute>
                <attribute>
                    <name>SponsorSearchAttribute</name>
                </attribute>
            </attributes>
            <policies>
                <policy>
                    <name>DOCUMENT_STATUS_POLICY</name>
                    <stringValue>app</stringValue>
                </policy>
                <policy>
                    <name>INITIATOR_MUST_ROUTE</name>
                    <value>false</value>
                </policy>

                <policy>
                    <name>INITIATOR_MUST_CANCEL</name>
                    <value>false</value>
                </policy>
                <policy>
                    <name>INITIATOR_MUST_BLANKET_APPROVE</name>
                    <value>false</value>
                </policy>
            </policies>
            <routePaths>
                <routePath>
                    <start name="Initiated" nextNode="hasSync"/>
                    <split name="hasSync">
                        <branch name="True">
                            <requests name="SyncValidationApproval" nextNode="AwardStandardApprovalInSync"/>
                            <requests name="AwardStandardApprovalInSync" nextNode="ApplySync"/>
                            <requests name="ApplySync" nextNode="SyncFYIs"/>
                            <requests name="SyncFYIs" nextNode="JoinSync"/>
                        </branch>
                        <branch name="False">
                            <split name="isSyncChild" nextNode="JoinSync">
                                <branch name="False">
                                    <requests name="AwardStandardApproval" nextNode="JoinSyncChild"/>
                                </branch>
                            </split>
                            <join name="JoinSyncChild"/>
                        </branch>
                    </split>
                    <join name="JoinSync"/>
					
                </routePath>
            </routePaths>
            <routeNodes>
                <start name="Initiated">
                    <activationType>P</activationType>
                    <mandatoryRoute>false</mandatoryRoute>
                    <finalApproval>false</finalApproval>
                </start>
                <split name="hasSync">
                    <type>org.kuali.kra.kew.SimpleBooleanSplitNode</type>
                </split>
                <split name="isSyncChild">
                    <type>org.kuali.kra.kew.SimpleBooleanSplitNode</type>
                </split>
                <role name="ApplySync">
                    <activationType>S</activationType>
                    <qualifierResolverClass>org.kuali.rice.kew.role.NullQualifierResolver</qualifierResolverClass>
                    <mandatoryRoute>false</mandatoryRoute>
                </role>
                <role name="SyncFYIs">
                    <activationType>S</activationType>
                    <qualifierResolverClass>org.kuali.rice.kew.role.NullQualifierResolver</qualifierResolverClass>
                    <mandatoryRoute>false</mandatoryRoute>				
                </role>
                <join name="JoinSync"/>
                <join name="JoinSyncChild"/>
                <requests name="SyncValidationApproval">
                    <activationType>S</activationType>
                    <ruleTemplate>RoutedByUserRoleTemplate</ruleTemplate>
                    <mandatoryRoute>true</mandatoryRoute>
                </requests>
                <requests name="AwardStandardApproval">
                    <activationType>S</activationType>
                    <ruleTemplate>AwardStandardApproval</ruleTemplate>
                    <mandatoryRoute>false</mandatoryRoute>
                </requests>
                <requests name="AwardStandardApprovalInSync">
                    <activationType>S</activationType>
                    <ruleTemplate>AwardStandardApproval</ruleTemplate>
                    <mandatoryRoute>false</mandatoryRoute>
                </requests>				
            </routeNodes>
        </documentType>
    </documentTypes>
	
    <ruleAttributes xmlns="ns:workflow/RuleAttribute" xsi:schemaLocation="ns:workflow/RuleAttribute resource:RuleAttribute">
        <ruleAttribute>
            <serviceNamespace>KC</serviceNamespace>
            <name>AwardCustomDataAttribute</name>
            <className>org.kuali.rice.kew.rule.xmlrouting.StandardGenericXMLRuleAttribute</className>
            <label>AwardCustomDataAttribute</label>
            <description>AwardCustomDataAttribute</description>
            <type>RuleXmlAttribute</type>
            <routingConfig>
                <fieldDef name="billingElement" title="Billing Element" workflowType="RULE">
                    <display>
                        <type>text</type>
                    </display>
                    <validation required="false" />
                    <fieldEvaluation>
                        <xpathexpression>string(//xmlRouting/field[@name='billingElement']/value) = wf:ruledata('billingElement')</xpathexpression>
                    </fieldEvaluation>
                </fieldDef>
                <fieldDef name="costSharingBudget" title="Cost Sharing Budget" workflowType="RULE">
                    <display>
                        <type>text</type>
                    </display>
                    <validation required="false" />
                    <fieldEvaluation>
                        <xpathexpression>string(//xmlRouting/field[@name='costSharingBudget']/value) = wf:ruledata('costSharingBudget')</xpathexpression>
                    </fieldEvaluation>
                </fieldDef>
                <fieldDef name="numberOfTrainees" title="Number of Trainees" workflowType="RULE">
                    <display>
                        <type>text</type>
                    </display>
                    <validation required="false" />
                    <fieldEvaluation>
                        <xpathexpression>string(//xmlRouting/field[@name='numberOfTrainees']/value) = wf:ruledata('numberOfTrainees')</xpathexpression>
                    </fieldEvaluation>
                </fieldDef>
                <fieldDef name="graduateStudentCount" title="Graduate Student Count" workflowType="RULE">
                    <display>
                        <type>text</type>
                    </display>
                    <validation required="false" />
                    <fieldEvaluation>
                        <xpathexpression>string(//xmlRouting/field[@name='graduateStudentCount']/value) = wf:ruledata('graduateStudentCount')</xpathexpression>
                    </fieldEvaluation>
                </fieldDef>
                <fieldDef name="tenured" title="Tenured" workflowType="RULE">
                    <display>
                        <type>text</type>
                    </display>
                    <validation required="false" />
                    <fieldEvaluation>
                        <xpathexpression>string(//xmlRouting/field[@name='tenured']/value) = wf:ruledata('tenured')</xpathexpression>
                    </fieldEvaluation>
                </fieldDef>
                <fieldDef name="exportControls" title="Export Controls" workflowType="RULE">
                    <display>
                        <type>text</type>
                    </display>
                    <validation required="false" />
                    <fieldEvaluation>
                        <xpathexpression>string(//xmlRouting/field[@name='exportControls']/value) = wf:ruledata('exportControls')</xpathexpression>
                    </fieldEvaluation>
                </fieldDef>
                <fieldDef name="inventions" title="Inventions" workflowType="RULE">
                    <display>
                        <type>text</type>
                    </display>
                    <validation required="false" />
                    <fieldEvaluation>
                        <xpathexpression>string(//xmlRouting/field[@name='inventions']/value) = wf:ruledata('inventions')</xpathexpression>
                    </fieldEvaluation>
                </fieldDef>
            </routingConfig>
        </ruleAttribute>
        <ruleAttribute>
            <name>AwardTitleSearchAttribute</name>
            <className>org.kuali.rice.kew.docsearch.xml.StandardGenericXMLSearchableAttribute</className>
            <label>AwardTitleSearchAttribute</label>
            <description>AwardTitleSearchAttribute</description>
            <type>SearchableXmlAttribute</type>
            <serviceNamespace>KC</serviceNamespace>
            <searchingConfig>
                <fieldDef name="title" title="Award Title">
                    <display>
                        <type>text</type>
                    </display>
                    <lookup dataObjectClass="org.kuali.kra.award.home.Award">
                        <fieldConversions>
                            <fieldConversion lookupFieldName="title" localFieldName="title"/>
                        </fieldConversions>
                    </lookup>
                    <fieldEvaluation>
                        <xpathexpression>//awardList/org.kuali.kra.award.home.Award/title</xpathexpression>
                    </fieldEvaluation>
                </fieldDef>
            </searchingConfig>
        </ruleAttribute>
        <ruleAttribute>
            <name>AwardIdSearchAttribute</name>
            <className>org.kuali.rice.kew.docsearch.xml.StandardGenericXMLSearchableAttribute</className>
            <label>AwardIdSearchAttribute</label>
            <description>AwardIdSearchAttribute</description>
            <type>SearchableXmlAttribute</type>
            <serviceNamespace>KC</serviceNamespace>
            <searchingConfig>
                <fieldDef name="awardId" title="Award ID">
                    <display>
                        <type>text</type>
                    </display>
                    <lookup dataObjectClass="org.kuali.kra.award.home.Award">
                        <fieldConversions>
                            <fieldConversion lookupFieldName="awardNumber" localFieldName="awardId"/>
                        </fieldConversions>
                    </lookup>
                    <fieldEvaluation>
                        <xpathexpression>//awardList/org.kuali.kra.award.home.Award/awardNumber</xpathexpression>
                    </fieldEvaluation>
                </fieldDef>
            </searchingConfig>
        </ruleAttribute>
        <ruleAttribute>
            <name>AccountNumberSearchAttribute</name>
            <className>org.kuali.rice.kew.docsearch.xml.StandardGenericXMLSearchableAttribute</className>
            <label>AccountNumberSearchAttribute</label>
            <description>AccountNumberSearchAttribute</description>
            <type>SearchableXmlAttribute</type>
            <serviceNamespace>KC</serviceNamespace>
            <searchingConfig>
                <fieldDef name="accountNumber" title="Account ID">
                    <display>
                        <type>text</type>
                    </display>
                    <lookup dataObjectClass="org.kuali.kra.award.home.Award">
                        <fieldConversions>
                            <fieldConversion lookupFieldName="accountNumber" localFieldName="accountNumber"/>
                        </fieldConversions>
                    </lookup>
                    <fieldEvaluation>
                        <xpathexpression>//awardList/org.kuali.kra.award.home.Award/accountNumber</xpathexpression>
                    </fieldEvaluation>
                </fieldDef>
            </searchingConfig>
        </ruleAttribute>
        <ruleAttribute>
            <name>InvestigatorSearchAttribute</name>
            <className>org.kuali.rice.kew.docsearch.xml.StandardGenericXMLSearchableAttribute</className>
            <label>InvestigatorSearchAttribute</label>
            <description>InvestigatorSearchAttribute</description>
            <type>SearchableXmlAttribute</type>
            <serviceNamespace>KC</serviceNamespace>
            <searchingConfig>
                <fieldDef name="principalInvestigatorName" title="Investigator">
                    <display>
                        <type>text</type>
                    </display>
                    <lookup dataObjectClass="org.kuali.kra.bo.KcPerson">
                        <fieldConversions>
                            <fieldConversion lookupFieldName="fullName" localFieldName="principalInvestigatorName"/>
                        </fieldConversions>
                    </lookup>
                    <fieldEvaluation>
                        <xpathexpression>//awardList/org.kuali.kra.award.home.Award/principalInvestigatorName</xpathexpression>
                    </fieldEvaluation>
                </fieldDef>
            </searchingConfig>
        </ruleAttribute>
        <ruleAttribute>
            <name>LeadUnitSearchAttribute</name>
            <className>org.kuali.rice.kew.docsearch.xml.StandardGenericXMLSearchableAttribute</className>
            <label>LeadUnitSearchAttribute</label>
            <description>LeadUnitSearchAttribute</description>
            <type>SearchableXmlAttribute</type>
            <serviceNamespace>KC</serviceNamespace>
            <searchingConfig>
                <fieldDef name="leadUnit" title="Lead Unit">
                    <display>
                        <type>text</type>
                    </display>
                    <lookup dataObjectClass="org.kuali.kra.bo.Unit">
                        <fieldConversions>
                            <fieldConversion lookupFieldName="unitNumber" localFieldName="leadUnit"/>
                        </fieldConversions>
                    </lookup>
                    <fieldEvaluation>
                        <xpathexpression>//awardList/org.kuali.kra.award.home.Award/leadUnit/unitNumber</xpathexpression>
                    </fieldEvaluation>
                </fieldDef>
            </searchingConfig>
        </ruleAttribute>
        <ruleAttribute>
            <name>SponsorSearchAttribute</name>
            <className>org.kuali.rice.kew.docsearch.xml.StandardGenericXMLSearchableAttribute</className>
            <label>SponsorSearchAttribute</label>
            <description>SponsorSearchAttribute</description>
            <type>SearchableXmlAttribute</type>
            <serviceNamespace>KC</serviceNamespace>
            <searchingConfig>
                <fieldDef name="sponsor" title="Sponsor">
                    <display>
                        <type>text</type>
                    </display>
                    <lookup dataObjectClass="org.kuali.kra.bo.Sponsor">
                        <fieldConversions>
                            <fieldConversion lookupFieldName="sponsorCode" localFieldName="sponsor"/>
                        </fieldConversions>
                    </lookup>
                    <fieldEvaluation>
                        <xpathexpression>//awardList/org.kuali.kra.award.home.Award/sponsor/sponsorCode</xpathexpression>
                    </fieldEvaluation>
                </fieldDef>
            </searchingConfig>
        </ruleAttribute>
    </ruleAttributes>
    <ruleTemplates xmlns="ns:workflow/RuleTemplate" xsi:schemaLocation="ns:workflow/RuleTemplate resource:RuleTemplate">
        <ruleTemplate allowOverwrite="true">
            <name>RoutedByUserRoleTemplate</name>
            <description>Routed By User Role Template</description>
        </ruleTemplate>
        <ruleTemplate allowOverwrite="true">
            <name>AwardStandardApproval</name>
            <description>Standard Approval Template for Awards</description>
        </ruleTemplate>
    </ruleTemplates>     
    <rules xmlns="ns:workflow/Rule" xsi:schemaLocation="ns:workflow/Rule resource:Rule">     
        <rule>
            <name>AwardSyncValidationRule</name>
            <documentType>AwardDocument</documentType>
            <ruleTemplate>RoutedByUserRoleTemplate</ruleTemplate>
            <description>Award Sync Validation Approval Rule</description>
            <forceAction>true</forceAction>
            <responsibilities>
                <responsibility>
                    <role>org.kuali.rice.kew.rule.RoutedByUserRoleAttribute!ROUTED_BY_USER</role>
                    <approvePolicy>F</approvePolicy>
                    <actionRequested>A</actionRequested>
                </responsibility>
            </responsibilities>
        </rule>
        <rule>
            <name>AwardStandardApproval</name>
            <documentType>AwardDocument</documentType>
            <ruleTemplate>AwardStandardApproval</ruleTemplate>
            <description>Standard Approval Node for Awards</description>
            <forceAction>false</forceAction>
        </rule>      
    </rules>
</data>
