<?xml version="1.0" encoding="UTF-8"?>
<data xmlns="ns:workflow" xmlns:xsi="http://www.w3.org/2001/XMLSchema-instance" xsi:schemaLocation="ns:workflow resource:WorkflowData">
    <documentTypes xmlns="ns:workflow/DocumentType" xsi:schemaLocation="ns:workflow/DocumentType resource:DocumentType">
        <documentType>
            <name>BudgetDocument</name>
            <description>Create a Budget</description>
            <label>Budget Document</label>
            <parent>AR</parent>
            <postProcessorName>org.kuali.rice.krad.workflow.postprocessor.KualiPostProcessor</postProcessorName>
            <superUserWorkgroupName>KC-WKFLW:KcAdmin</superUserWorkgroupName>
            <blanketApproveWorkgroupName>KC-WKFLW:KcAdmin</blanketApproveWorkgroupName>
            <defaultExceptionWorkgroupName>KC-WKFLW:KcAdmin</defaultExceptionWorkgroupName>
            <docHandler>${kuali.docHandler.url.prefix}/budgetVersions.do?methodToCall=docHandler</docHandler>
            <helpDefinitionURL>default.htm?turl=Documents/budget.htm</helpDefinitionURL>
            <active>true</active>
            <routePaths>
                <routePath>
                    <start name="Initiated" nextNode="PeopleFlows"/>
                    <requests name="PeopleFlows" />
                </routePath>
            </routePaths>
            <routeNodes>
                <start name="Initiated">
                    <activationType>P</activationType>
                    <mandatoryRoute>false</mandatoryRoute>
                    <finalApproval>false</finalApproval>
                </start>
                <requests name="PeopleFlows">
                    <activationType>R</activationType>
                    <rulesEngine executorClass="org.kuali.kra.proposaldevelopment.budget.service.impl.PropDevBudgetRulesEngineExecutorImpl"/>
                </requests>
            </routeNodes>
        </documentType>
    </documentTypes>
</data>