<?xml version="1.0" encoding="UTF-8"?>
<data xmlns="ns:workflow" xmlns:xsi="http://www.w3.org/2001/XMLSchema-instance" xsi:schemaLocation="ns:workflow resource:WorkflowData">
    <documentTypes xmlns="ns:workflow/DocumentType" xsi:schemaLocation="ns:workflow/DocumentType resource:DocumentType">
        <documentType>
            <name>NegotiationDocument</name>
            <description>Create a Negotiation</description>
            <label>Negotiation Document</label>
            <parent>AR</parent>
            <docHandler>${kuali.docHandler.url.prefix}/negotiationNegotiation.do?methodToCall=docHandler</docHandler>
            <helpDefinitionURL>default.htm?turl=Documents/negotiation.htm</helpDefinitionURL>
        </documentType>
    </documentTypes>	
</data>