<?xml version="1.0" encoding="UTF-8"?>
<data xmlns="ns:workflow" xmlns:xsi="http://www.w3.org/2001/XMLSchema-instance" xsi:schemaLocation="ns:workflow resource:WorkflowData">

    <documentTypes xmlns="ns:workflow/DocumentType" xsi:schemaLocation="ns:workflow/DocumentType resource:DocumentType">
        <documentType>
            <name>ProposalDevelopmentDocument</name>
            <description>
                Create a Development Proposal
            </description>
            <label>Proposal Development</label>
            <parent>AR</parent>
            <postProcessorName>org.kuali.rice.krad.workflow.postprocessor.KualiPostProcessor</postProcessorName>
            <superUserWorkgroupName>KC-WKFLW:OSP Superuser</superUserWorkgroupName>
            <defaultExceptionWorkgroupName>KC-WKFLW:ProposalAdmin</defaultExceptionWorkgroupName>
            <blanketApproveWorkgroupName>KC-WKFLW:ProposalAdmin</blanketApproveWorkgroupName>
            <docHandler>${kuali.docHandler.url.prefix}/proposalDevelopmentProposal.do?methodToCall=docHandler</docHandler>
            <helpDefinitionURL>default.htm?turl=Documents/proposaldevelopment.htm</helpDefinitionURL>
            <authorizer>org.kuali.kra.proposaldevelopment.document.authorization.ProposalDevelopmentWorkflowDocumentAuthorizer</authorizer>
            <emailStylesheet>ProposalDevelopmentDocument.custom.email.style</emailStylesheet>
            <active>true</active>
            <policies>
                <policy>
                    <name>LOOK_FUTURE</name>
                    <value>true</value>
                </policy>
                <policy>
                    <name>INITIATOR_MUST_ROUTE</name>
                    <value>false</value>
                </policy>
                <policy>
                    <name>INITIATOR_MUST_CANCEL</name>
                    <value>false</value>
                </policy>                
                <policy>
                    <name>DOCUMENT_STATUS_POLICY</name>
                    <stringValue>app</stringValue>
                </policy>                
            </policies>
            <attributes>
                <attribute>
                    <name>AggregatorSearchAttribute</name>
                </attribute>
                <attribute>
                    <name>BudgetCreatorSearchAttribute</name>
                </attribute>
                <attribute>
                    <name>NarrativeWriterSearchAttribute</name>
                </attribute>
                <attribute>
                    <name>ViewerSearchAttribute</name>
                </attribute>
            </attributes>            
            <routePaths>
                <routePath>
                    <start name="Initiated" nextNode="isHierarchyChild"/>
                    
                    <split name = "isHierarchyChild">
                        <branch name = "False">
                            <!-- The document is a hierarchy parent, or a document that is not part of a hierarchy so it is routed normally. -->
                          <!--  <requests name="ProposalCabinetRouting" nextNode="OSPInitial"/>-->
                            <requests name="OSPInitial" nextNode="ProposalPrincipalInvestigator"/>
                            <requests name="ProposalPrincipalInvestigator" nextNode="hasSpecialReviews"/>
                            
                            <split name = "hasSpecialReviews" nextNode="ProposalUnitChairsRouting">
                                <branch name = "True">
                                    <requests name="ExportControlReviewRouting" nextNode="BiosafetyReviewRouting"/>
                                    <requests name="BiosafetyReviewRouting" nextNode="JoinSpecialReviews"/>
                                    <!-- add multiple special review nodes here if desired -->
                                </branch>
                                <branch name = "false">
                                    <requests name="NoOp" nextNode="JoinSpecialReviews" />
                                </branch>
                                <join name="JoinSpecialReviews" />
                            </split>
                           
                            <requests name="ProposalUnitChairsRouting" nextNode="ProposalUnitDeansRouting"/>
                            <requests name="ProposalUnitDeansRouting" nextNode="ProposalFinanceRouting"/>
                            <requests name="ProposalFinanceRouting" nextNode="ProposalPresidentRouting"/>
                            <requests name="ProposalPresidentRouting" nextNode="OSPOfficeRouting"/>
                            <requests name="OSPOfficeRouting" nextNode = "Join" />
                        </branch>
                        <branch name = "True">
                            <!-- The document is a child in a hierarchy. This node will have the system user as an approver.  If the parent moves to final approval, is rejected, or cancelled
                            the system user will take the same action on the children.  -->
                            <requests name = "WaitForHierarchyDisposition" nextNode="Join"/>				
                        </branch>
                    </split>
                    <join name="Join" />
                </routePath>
            </routePaths>

            <routeNodes>
                <start name="Initiated">
                    <activationType>P</activationType>
                    <mandatoryRoute>false</mandatoryRoute>
                    <finalApproval>false</finalApproval>
                </start>
                <split name="isHierarchyChild">
                    <type>org.kuali.kra.kew.SimpleBooleanSplitNode</type>
                </split>
                <split name="hasSpecialReviews">
                    <type>org.kuali.kra.kew.SimpleBooleanSplitNode</type>
                </split>                
                <role name="OSPInitial">
                    <qualifierResolverClass>org.kuali.rice.kew.role.NullQualifierResolver</qualifierResolverClass>
                    <activationType>S</activationType>
                    <finalApproval>false</finalApproval>
                </role>                
                <requests name="ProposalPrincipalInvestigator">
                    <qualifierResolverClass>org.kuali.rice.kew.role.NullQualifierResolver</qualifierResolverClass>
                    <ruleTemplate>ProposalPrincipalInvestigatorTemplate</ruleTemplate>
                    <activationType>P</activationType>
                    <finalApproval>false</finalApproval>
                    <forceAction>false</forceAction>
                </requests>
                <requests name="ExportControlReviewRouting">
                    <qualifierResolverClass>org.kuali.rice.kew.role.NullQualifierResolver</qualifierResolverClass>
                    <ruleTemplate>ExportControlReviewTemplate</ruleTemplate>
                    <activationType>P</activationType>
                    <finalApproval>false</finalApproval>
                    <forceAction>false</forceAction>
                </requests>   
                <requests name="BiosafetyReviewRouting">
                    <qualifierResolverClass>org.kuali.rice.kew.role.NullQualifierResolver</qualifierResolverClass>
                    <ruleTemplate>BiosafetyReviewTemplate</ruleTemplate>
                    <activationType>P</activationType>
                    <finalApproval>false</finalApproval>
                    <forceAction>false</forceAction>
                </requests>                              
                <requests name="ProposalUnitChairsRouting">
                    <qualifierResolverClass>org.kuali.rice.kew.role.NullQualifierResolver</qualifierResolverClass>
                    <ruleTemplate>ProposalUnitChairsTemplate</ruleTemplate>
                    <activationType>P</activationType>
                    <finalApproval>false</finalApproval>
                    <forceAction>false</forceAction>
                </requests>
                <requests name="ProposalUnitDeansRouting">
                    <qualifierResolverClass>org.kuali.rice.kew.role.NullQualifierResolver</qualifierResolverClass>
                    <ruleTemplate>ProposalUnitDeansTemplate</ruleTemplate>
                    <activationType>P</activationType>
                    <finalApproval>false</finalApproval>
                    <forceAction>false</forceAction>
                </requests>
                <requests name="ProposalFinanceRouting">
                    <qualifierResolverClass>org.kuali.rice.kew.role.NullQualifierResolver</qualifierResolverClass>
                    <ruleTemplate>ProposalFinanceTemplate</ruleTemplate>
                    <activationType>P</activationType>
                    <finalApproval>false</finalApproval>
                    <forceAction>false</forceAction>
                </requests>
                <requests name="ProposalPresidentRouting">
                    <qualifierResolverClass>org.kuali.rice.kew.role.NullQualifierResolver</qualifierResolverClass>
                    <ruleTemplate>ProposalPresidentTemplate</ruleTemplate>
                    <activationType>P</activationType>
                    <finalApproval>false</finalApproval>
                    <forceAction>false</forceAction>
                </requests>     
                <!--      
                <requests name="ProposalCabinetRouting">
                    <qualifierResolverClass>org.kuali.rice.kew.role.NullQualifierResolver</qualifierResolverClass>
                    <ruleTemplate>ProposalCabinetTemplate</ruleTemplate>
                    <activationType>P</activationType>
                    <finalApproval>false</finalApproval>
                    <forceAction>false</forceAction>
                </requests>    
              -->
                <!--
                <role name="OSPOfficeRoutingFinal">
                    <qualifierResolverClass>org.kuali.rice.kew.role.NullQualifierResolver</qualifierResolverClass>
                    <activationType>S</activationType>
                    <finalApproval>false</finalApproval>
                    <forceAction>true</forceAction>
                </role>
                -->
                <role name="OSPOfficeRouting">
                    <qualifierResolverClass>org.kuali.rice.kew.role.NullQualifierResolver</qualifierResolverClass>
                    <activationType>S</activationType>
                    <finalApproval>false</finalApproval>
                    <forceAction>true</forceAction>
                </role>  
                <requests name="WaitForHierarchyDisposition">
                    <activationType>S</activationType>
                    <ruleTemplate>HierarchyParentDispositionApproval</ruleTemplate>
                    <mandatoryRoute>true</mandatoryRoute>
                    <ignorePrevious>true</ignorePrevious>
                    <finalApproval>false</finalApproval>
                </requests>
                <join name="Join"/>	
                <join name="JoinSpecialReviews"/>
                <simple name="NoOp">
                    <type>org.kuali.rice.kew.engine.node.NoOpNode</type>
                </simple>                              
            </routeNodes>
        </documentType>
    </documentTypes>
	
    <ruleAttributes xmlns="ns:workflow/RuleAttribute" xsi:schemaLocation="ns:workflow/RuleAttribute resource:RuleAttribute">
       
        <ruleAttribute>
            <name>AggregatorSearchAttribute</name>
            <className>org.kuali.rice.kew.docsearch.xml.StandardGenericXMLSearchableAttribute</className>
            <label>AggregatorSearchAttribute</label>
            <description>AggregatorSearchAttribute</description>
            <type>SearchableXmlAttribute</type>
            <serviceNamespace>KC</serviceNamespace>
            <searchingConfig>
                <fieldDef name="aggregator" title="Aggregator">
                    <display>
                        <type>text</type>
                    </display>
                    <lookup businessObjectClass="org.kuali.rice.kim.api.identity.Person">
                        <fieldConversions>
                            <fieldConversion lookupFieldName="principalName" localFieldName="aggregator"/>
                        </fieldConversions>
                    </lookup>
					
                    <fieldEvaluation>
                        <!-- not sure yet -->
                        <!--  example //organization/organizationId -->
                        <xpathexpression>
                            //aggregator/string
                        </xpathexpression>
                    </fieldEvaluation>
                </fieldDef>
                <xmlSearchContent>
                    <users>
                        <aggregator>
                            <value>%aggregator%</value>
                        </aggregator>
                    </users>
                </xmlSearchContent>
            </searchingConfig>
        </ruleAttribute>
        <ruleAttribute>
            <name>BudgetCreatorSearchAttribute</name>
            <className>
                org.kuali.rice.kew.docsearch.xml.StandardGenericXMLSearchableAttribute
            </className>
            <label>BudgetCreatorSearchAttribute</label>
            <description>BudgetCreatorSearchAttribute</description>
            <type>SearchableXmlAttribute</type>
            <serviceNamespace>KC</serviceNamespace>
            <searchingConfig>
                <fieldDef name="budgetCreator" title="Budget Creator">
                    <display>
                        <type>text</type>
                    </display>
                    <lookup businessObjectClass="org.kuali.rice.kim.api.identity.Person">
                        <fieldConversions>
                            <fieldConversion lookupFieldName="principalName" localFieldName="budgetCreator"/>
                        </fieldConversions>
                    </lookup>
					
                    <fieldEvaluation>
                        <xpathexpression>
                            //budgetcreator/string
                        </xpathexpression>
                    </fieldEvaluation>
                </fieldDef>
                <xmlSearchContent>
                    <users>
                        <budgetCreator>
                            <value>%budgetCreator%</value>
                        </budgetCreator>
                    </users>
                </xmlSearchContent>
            </searchingConfig>
        </ruleAttribute>
        <ruleAttribute>
            <name>NarrativeWriterSearchAttribute</name>
            <className>org.kuali.rice.kew.docsearch.xml.StandardGenericXMLSearchableAttribute</className>
            <label>NarrativeWriterSearchAttribute</label>
            <description>NarrativeWriterSearchAttribute</description>
            <type>SearchableXmlAttribute</type>
            <serviceNamespace>KC</serviceNamespace>
            <searchingConfig>
                <fieldDef name="narrativeWriter"
                          title="Narrative Writer">
                    <display>
                        <type>text</type>
                    </display>
                    <lookup businessObjectClass="org.kuali.rice.kim.api.identity.Person">
                        <fieldConversions>
                            <fieldConversion lookupFieldName="principalName" localFieldName="narrativeWriter"/>
                        </fieldConversions>
                    </lookup>
					
                    <fieldEvaluation>
                        <xpathexpression>
                            //narrativewriter/string
                        </xpathexpression>
                    </fieldEvaluation>
                </fieldDef>
                <xmlSearchContent>
                    <users>
                        <narrativeWriter>
                            <value>%narrativeWriter%</value>
                        </narrativeWriter>
                    </users>
                </xmlSearchContent>
            </searchingConfig>
        </ruleAttribute>
        <ruleAttribute>
            <name>ViewerSearchAttribute</name>
            <className>org.kuali.rice.kew.docsearch.xml.StandardGenericXMLSearchableAttribute</className>
            <label>ViewerSearchAttribute</label>
            <description>ViewerSearchAttribute</description>
            <type>SearchableXmlAttribute</type>
            <serviceNamespace>KC</serviceNamespace>
            <searchingConfig>
                <fieldDef name="viewer" title="Viewer">
                    <display>
                        <type>text</type>
                    </display>
                    <lookup businessObjectClass="org.kuali.rice.kim.api.identity.Person">
                        <fieldConversions>
                            <fieldConversion lookupFieldName="principalName" localFieldName="viewer"/>
                        </fieldConversions>
                    </lookup>
					
                    <fieldEvaluation>
                        <xpathexpression>
                            //viewer/string
                        </xpathexpression>
                    </fieldEvaluation>
                </fieldDef>
                <xmlSearchContent>
                    <users>
                        <viewer>
                            <value>%viewer%</value>
                        </viewer>
                    </users>
                </xmlSearchContent>
            </searchingConfig>
        </ruleAttribute>
		
        <!-- custom attribute -->
        <ruleAttribute>
            <name>CustomDataAttribute</name>
            <className>org.kuali.rice.kew.rule.xmlrouting.StandardGenericXMLRuleAttribute</className>
            <label>CustomDataAttribute</label>
            <description>CustomDataAttribute</description>
            <type>RuleXmlAttribute</type>
            <serviceNamespace>KC</serviceNamespace>
            <routingConfig>
                <!-- work in progress -->
                <fieldDef name="billingElement" title="Billing Element" workflowType="RULE">
                    <display>
                        <type>text</type>
                    </display>
                    <validation required="false" />
                    <fieldEvaluation>
                        <!-- expectation: this is run and evaluates to true -->
                        <xpathexpression>string(//xmlRouting/field[@name='billingElement']/value) = wf:ruledata('billingElement')</xpathexpression>
                    </fieldEvaluation>
                </fieldDef>
                <fieldDef name="graduateStudentCount" title="Graduate Student Count" workflowType="RULE">
                    <display>
                        <type>text</type>
                    </display>
                    <validation required="false" />
                    <fieldEvaluation>
                        <!-- expectation: this is run and evaluates to true -->
                        <xpathexpression>string(//xmlRouting/field[@name='graduateStudentCount']/value) = wf:ruledata('graduateStudentCount')</xpathexpression>
                    </fieldEvaluation>
                </fieldDef>
                <fieldDef name="costSharingBudget" title="Cost Sharing Budget" workflowType="RULE">
                    <display>
                        <type>text</type>
                    </display>
                    <validation required="false" />
                    <fieldEvaluation>
                        <!-- expectation: this is run and evaluates to true -->
                        <xpathexpression>string(//xmlRouting/field[@name='costSharingBudget']/value) = wf:ruledata('costSharingBudget')</xpathexpression>
                    </fieldEvaluation>
                </fieldDef>
                <fieldDef name="numberOfTrainees" title="Number Of Trainees" workflowType="RULE">
                    <display>
                        <type>text</type>
                    </display>
                    <validation required="false" />
                    <fieldEvaluation>
                        <!-- expectation: this is run and evaluates to true -->
                        <xpathexpression>string(//xmlRouting/field[@name='numberOfTrainees']/value) = wf:ruledata('numberOfTrainees')</xpathexpression>
                    </fieldEvaluation>
                </fieldDef>
                <fieldDef name="tenured" title="Tenured" workflowType="RULE">
                    <display>
                        <type>text</type>
                    </display>
                    <validation required="false" />
                    <fieldEvaluation>
                        <!-- expectation: this is run and evaluates to true -->
                        <xpathexpression>string(//xmlRouting/field[@name='tenured']/value) = wf:ruledata('tenured')</xpathexpression>
                    </fieldEvaluation>
                </fieldDef>
                <fieldDef name="exportControls" title="Export Controls" workflowType="RULE">
                    <display>
                        <type>text</type>
                    </display>
                    <validation required="false" />
                    <fieldEvaluation>
                        <!-- expectation: this is run and evaluates to true -->
                        <xpathexpression>string(//xmlRouting/field[@name='exportControls']/value) = wf:ruledata('exportControls')</xpathexpression>
                    </fieldEvaluation>
                </fieldDef>
                <fieldDef name="inventions" title="Inventions" workflowType="RULE">
                    <display>
                        <type>text</type>
                    </display>
                    <validation required="false" /> 
                    <fieldEvaluation>
                        <!-- expectation: this is run and evaluates to true -->
                        <xpathexpression>string(//xmlRouting/field[@name='inventions']/value) = wf:ruledata('inventions')</xpathexpression>
                    </fieldEvaluation>
                </fieldDef>
                <fieldDef name="effDate" title="Effective Date" workflowType="RULE">
                    <display>
                        <type>text</type>
                    </display>
                    <validation required="false" />
                    <fieldEvaluation>
                        <!-- expectation: this is run and evaluates to true -->
                        <xpathexpression>string(//xmlRouting/field[@name='effDate']/value) = wf:ruledata('effDate')</xpathexpression>
                    </fieldEvaluation>
                </fieldDef>
            </routingConfig>
        </ruleAttribute>                
                
        <ruleAttribute>
            <name>ProposalPrincipalInvestigatorRoleAttribute</name>
            <className>
                org.ariahgroup.research.workflow.ProposalPrincipalInvestigatorRoleAttribute
            </className>
            <label>ProposalPrincipalInvestigatorRoleAttribute</label>
            <description>ProposalPrincipalInvestigatorRoleAttribute</description>
            <type>RuleAttribute</type>
        </ruleAttribute>
                
        <ruleAttribute>
            <name>ProposalNumberAttribute</name>
            <className>org.kuali.rice.kew.docsearch.xml.StandardGenericXMLSearchableAttribute</className>
            <label>ProposalNumberSearchAttribute</label>
            <description>ProposalNumberSearchAttribute</description>
            <type>SearchableXmlAttribute</type>
            <serviceNamespace>KC</serviceNamespace>
            <searchingConfig>
                <fieldDef name="proposalNumber" title="Proposal ID">
                    <display>
                        <type>text</type>
                    </display>
                    <fieldEvaluation>
                        <xpathexpression>
                            //document/developmentProposalList[1]/proposalNumber
                        </xpathexpression>
                    </fieldEvaluation>
                </fieldDef>
                <xmlSearchContent>
                    <users>
                        <viewer>
                            <value>%proposalNumber%</value>
                        </viewer>
                    </users>
                </xmlSearchContent>
            </searchingConfig>
        </ruleAttribute>

        <ruleAttribute>
            <name>ExportControlReviewRoleAttribute</name>
            <className>
                org.ariahgroup.research.workflow.ExportControlReviewRoleAttribute
            </className>
            <label>ExportControlReviewRoleAttribute</label>
            <description>ExportControlReviewRoleAttribute</description>
            <type>RuleAttribute</type>
        </ruleAttribute>
        
        <ruleAttribute>
            <name>BiosafetyReviewRoleAttribute</name>
            <className>
                org.ariahgroup.research.workflow.BiosafetyReviewRoleAttribute
            </className>
            <label>BiosafetyReviewRoleAttribute</label>
            <description>BiosafetyReviewRoleAttribute</description>
            <type>RuleAttribute</type>
        </ruleAttribute>
                
        <ruleAttribute>
            <name>ProposalUnitChairsRoleAttribute</name>
            <className>
                org.ariahgroup.research.workflow.ProposalUnitChairsRoleAttribute
            </className>
            <label>ProposalUnitChairsRoleAttribute</label>
            <description>ProposalUnitChairsRoleAttribute</description>
            <type>RuleAttribute</type>
        </ruleAttribute>

        <ruleAttribute>
            <name>ProposalUnitDeansRoleAttribute</name>
            <className>
                org.ariahgroup.research.workflow.ProposalUnitDeansRoleAttribute
            </className>
            <label>ProposalUnitDeansRoleAttribute</label>
            <description>ProposalUnitDeansRoleAttribute</description>
            <type>RuleAttribute</type>
        </ruleAttribute>
        
        <ruleAttribute>
            <name>ProposalFinanceRoleAttribute</name>
            <className>
                org.ariahgroup.research.workflow.ProposalFinanceRoleAttribute
            </className>
            <label>ProposalFinanceRoleAttribute</label>
            <description>ProposalFinanceRoleAttribute</description>
            <type>RuleAttribute</type>
        </ruleAttribute>
        
        <ruleAttribute>
            <name>ProposalPresidentRoleAttribute</name>
            <className>
                org.ariahgroup.research.workflow.ProposalPresidentRoleAttribute
            </className>
            <label>ProposalPresidentRoleAttribute</label>
            <description>ProposalPresidentRoleAttribute</description>
            <type>RuleAttribute</type>
        </ruleAttribute>     
        
        <!--
        <ruleAttribute>
            <name>ProposalCabinetRoleAttribute</name>
            <className>
                org.ariahgroup.research.workflow.ProposalUnitAdminByTypeRoleAttribute
            </className>
            <label>ProposalCabinetRoleAttribute</label>
            <description>ProposalCabinetRoleAttribute</description>
            <type>RuleAttribute</type>
        </ruleAttribute>                                               
-->

    </ruleAttributes>

    <ruleTemplates xmlns="ns:workflow/RuleTemplate" xsi:schemaLocation="ns:workflow/RuleTemplate resource:RuleTemplate">

        <ruleTemplate allowOverwrite="true">
            <name>ProposalPrincipalInvestigatorTemplate</name>
            <description>Proposal Principal Investigator Approval Routing Rule</description>
            <attributes>
                <attribute>
                    <name>ProposalPrincipalInvestigatorRoleAttribute</name>
                    <required>false</required>
                </attribute>
            </attributes>
        </ruleTemplate>
        <ruleTemplate allowOverwrite="true">
            <name>ExportControlReviewTemplate</name>
            <description>Proposal ExportControlReview Approval Routing Rule</description>
            <attributes>
                <attribute>
                    <name>ExportControlReviewRoleAttribute</name>
                    <required>false</required>
                </attribute>
            </attributes>
        </ruleTemplate>
        <ruleTemplate allowOverwrite="true">
            <name>BiosafetyReviewTemplate</name>
            <description>Proposal Biosafety Review Approval Routing Rule</description>
            <attributes>
                <attribute>
                    <name>BiosafetyReviewRoleAttribute</name>
                    <required>false</required>
                </attribute>
            </attributes>
        </ruleTemplate>        
        <ruleTemplate allowOverwrite="true">
            <name>ProposalUnitChairsTemplate</name>
            <description>Proposal Unit Chair Approval Routing Rule</description>
            <attributes>
                <attribute>
                    <name>ProposalUnitChairsRoleAttribute</name>
                    <required>false</required>
                </attribute>
            </attributes>
        </ruleTemplate>
        <ruleTemplate allowOverwrite="true">
            <name>ProposalUnitDeansTemplate</name>
            <description>Proposal Unit Dean Approval Routing Rule</description>
            <attributes>
                <attribute>
                    <name>ProposalUnitDeansRoleAttribute</name>
                    <required>false</required>
                </attribute>
            </attributes>
        </ruleTemplate>
        <ruleTemplate allowOverwrite="true">
            <name>ProposalFinanceTemplate</name>
            <description>Proposal Finance Approval Routing Rule</description>
            <attributes>
                <attribute>
                    <name>ProposalFinanceRoleAttribute</name>
                    <required>false</required>
                </attribute>
            </attributes>
        </ruleTemplate>
        <ruleTemplate allowOverwrite="true">
            <name>ProposalPresidentTemplate</name>
            <description>Proposal President Approval Routing Rule</description>
            <attributes>
                <attribute>
                    <name>ProposalPresidentRoleAttribute</name>
                    <required>false</required>
                </attribute>
            </attributes>
        </ruleTemplate>   
        
        <!--
        <ruleTemplate allowOverwrite="true">
            <name>ProposalCabinetTemplate</name>
            <description>Proposal Cabinet Approval Routing Rule</description>
            <attributes>
                <attribute>
                    <name>ProposalCabinetRoleAttribute</name>
                    <required>false</required>
                </attribute>
            </attributes>
        </ruleTemplate>                       
        -->
        
        
        <ruleTemplate allowOverwrite="true">
            <name>HierarchyParentDispositionApproval</name>
            <description>Approval rule from the hierarchy parent to hierarchy children.</description>
        </ruleTemplate>  
           
    </ruleTemplates>

    <rules xmlns="ns:workflow/Rule" xsi:schemaLocation="ns:workflow/Rule resource:Rule">
        
        <rule>
            <name>ApprovalForHierarchyChildren</name>
            <documentType>ProposalDevelopmentDocument</documentType>
            <ruleTemplate>HierarchyParentDispositionApproval</ruleTemplate>
            <description>System User Approval for Hierarchy children.</description>
            <forceAction>true</forceAction>
            <responsibilities>
                <responsibility>
                    <principalName>kr</principalName>
                    <actionRequested>A</actionRequested>
                    <priority>1</priority>
                </responsibility>
            </responsibilities>
        </rule>
                
        <rule>
            <name>ProposalPrincipalInvestigatorRule</name>
            <documentType>ProposalDevelopmentDocument</documentType>
            <ruleTemplate>ProposalPrincipalInvestigatorTemplate</ruleTemplate>
            <description>Principal Investigator Routing Rule</description>
            <responsibilities>
                <responsibility>
                    <roleName attributeClassName="org.ariahgroup.research.workflow.ProposalPrincipalInvestigatorRoleAttribute">ProposalPrincipalInvestigatorRoleAttribute</roleName>
                    <approvePolicy>F</approvePolicy>
                    <actionRequested>A</actionRequested>
                    <priority>1</priority>
                </responsibility>
            </responsibilities>
        </rule> 
        <rule>
            <name>ExportControlReviewRule</name>
            <documentType>ProposalDevelopmentDocument</documentType>
            <ruleTemplate>ExportControlReviewTemplate</ruleTemplate>
            <description>ExportControlReview Routing Rule</description>
            <responsibilities>
                <responsibility>
                    <roleName attributeClassName="org.ariahgroup.research.workflow.ExportControlReviewRoleAttribute">Export Control Review</roleName>
                    <!-- approvePolicy  'F' if only one member of the role should approve or 'A' if all members of the role to approve  -->
                    <approvePolicy>A</approvePolicy>
                    <actionRequested>A</actionRequested>
                    <priority>1</priority>
                </responsibility>
            </responsibilities>
        </rule>    
        <rule>
            <name>BiosafetyReviewRule</name>
            <documentType>ProposalDevelopmentDocument</documentType>
            <ruleTemplate>BiosafetyReviewTemplate</ruleTemplate>
            <description>BiosafetyReview Routing Rule</description>
            <responsibilities>
                <responsibility>
                    <roleName attributeClassName="org.ariahgroup.research.workflow.BiosafetyReviewRoleAttribute">Biosafety Review</roleName>
                    <!-- approvePolicy  'F' if only one member of the role should approve or 'A' if all members of the role to approve  -->
                    <approvePolicy>A</approvePolicy>
                    <actionRequested>A</actionRequested>
                    <priority>1</priority>
                </responsibility>
            </responsibilities>
        </rule>                    
        <rule>
            <name>ProposalUnitChairsRule</name>
            <documentType>ProposalDevelopmentDocument</documentType>
            <ruleTemplate>ProposalUnitChairsTemplate</ruleTemplate>
            <description>Unit Chair Routing Rule</description>
            <responsibilities>
                <responsibility>
                    <roleName attributeClassName="org.ariahgroup.research.workflow.ProposalUnitChairsRoleAttribute">Chair Review</roleName>
                    <approvePolicy>F</approvePolicy>
                    <actionRequested>A</actionRequested>
                    <priority>1</priority>
                </responsibility>
            </responsibilities>
        </rule>
        <rule>
            <name>ProposalUnitDeansRule</name>
            <documentType>ProposalDevelopmentDocument</documentType>
            <ruleTemplate>ProposalUnitDeansTemplate</ruleTemplate>
            <description>Unit Dean Routing Rule</description>
            <responsibilities>
                <responsibility>
                    <roleName attributeClassName="org.ariahgroup.research.workflow.ProposalUnitDeansRoleAttribute">Dean Review</roleName>
                    <approvePolicy>F</approvePolicy>
                    <actionRequested>A</actionRequested>
                    <priority>1</priority>
                </responsibility>
            </responsibilities>
        </rule>
        <rule>
            <name>ProposalFinanceRule</name>
            <documentType>ProposalDevelopmentDocument</documentType>
            <ruleTemplate>ProposalFinanceTemplate</ruleTemplate>
            <description>Finance Routing Rule</description>
            <responsibilities>
                <responsibility>
                    <roleName attributeClassName="org.ariahgroup.research.workflow.ProposalFinanceRoleAttribute">Finance Review</roleName>
                    <approvePolicy>F</approvePolicy>
                    <actionRequested>A</actionRequested>
                    <priority>1</priority>
                </responsibility>
            </responsibilities>
        </rule>
        <rule>
            <name>ProposalPresidentRule</name>
            <documentType>ProposalDevelopmentDocument</documentType>
            <ruleTemplate>ProposalPresidentTemplate</ruleTemplate>
            <description>President Routing Rule</description>
            <responsibilities>
                <responsibility>
                    <roleName attributeClassName="org.ariahgroup.research.workflow.ProposalPresidentRoleAttribute">President Review</roleName>
                    <approvePolicy>F</approvePolicy>
                    <actionRequested>A</actionRequested>
                    <priority>1</priority>
                </responsibility>
            </responsibilities>
        </rule>  
<!--           
        <rule>
            <name>ProposalCabinetRule</name>
            <documentType>ProposalDevelopmentDocument</documentType>
            <ruleTemplate>ProposalCabinetTemplate</ruleTemplate>
            <description>Cabinet Routing Rule</description>
            <responsibilities>
                <responsibility>
                    <roleName attributeClassName="org.ariahgroup.research.workflow.ProposalUnitAdminByTypeRoleAttribute">100</roleName>
                    <approvePolicy>F</approvePolicy>
                    <actionRequested>A</actionRequested>
                    <priority>1</priority>
                </responsibility>
            </responsibilities>  
        </rule>         
    -->                                         
    </rules>

</data>
