<?xml version="1.0" encoding="UTF-8"?>
<data xmlns="ns:workflow" xmlns:xsi="http://www.w3.org/2001/XMLSchema-instance" xsi:schemaLocation="ns:workflow resource:WorkflowData">
    <documentTypes xmlns="ns:workflow/DocumentType" xsi:schemaLocation="ns:workflow/DocumentType resource:DocumentType">
        <documentType>
            <name>ProtocolDocument</name>
            <description>Create a Protocol Document</description>
            <label>Protocol</label>
            <parent>AR</parent>
            <postProcessorName>org.kuali.rice.krad.workflow.postprocessor.KualiPostProcessor</postProcessorName>
            <superUserWorkgroupName>KC-WKFLW:IRBAdmin</superUserWorkgroupName>
            <blanketApproveWorkgroupName>KC-WKFLW:IRBAdmin</blanketApproveWorkgroupName>
            <defaultExceptionWorkgroupName>KC-WKFLW:IRBAdmin</defaultExceptionWorkgroupName>
            <docHandler>${kuali.docHandler.url.prefix}/protocolProtocol.do?methodToCall=docHandler</docHandler>
            <helpDefinitionURL>default.htm?turl=Documents/protocol.htm</helpDefinitionURL>
            <authorizer>org.kuali.kra.irb.auth.ProtocolWorkflowDocumentAuthorizer</authorizer>
            <active>true</active>
            <policies>
                <policy>
                    <name>DEFAULT_APPROVE</name>
                    <value>false</value>
                    <!--
                            this should be false in a production scenario
                    -->
                </policy>
                <policy>
                    <name>LOOK_FUTURE</name>
                    <value>true</value>
                </policy>
                <policy>
                    <name>INITIATOR_MUST_ROUTE</name>
                    <value>false</value>
                </policy>
                <policy>
                    <name>INITIATOR_MUST_CANCEL</name>
                    <value>false</value>
                </policy>                
            </policies>
            <routePaths>
                <routePath>
                    <start name="Initiated" nextNode="PeopleFlows" />
                    <requests name="PeopleFlows" nextNode="DepartmentReview" />
                    <requests name="DepartmentReview" nextNode="IRBReview" />
                    <requests name="IRBReview" />
                </routePath>
            </routePaths>
            <!--
           Please do not change route node IRBReview. It IS REQUIRED and SHOULD be the last
           route node for business logic related to IRB review to work.
            -->
            <routeNodes>
                <start name="Initiated">
                    <activationType>S</activationType>
                </start>
                <requests name="PeopleFlows">
                    <activationType>R</activationType>
                    <rulesEngine executorClass="org.kuali.kra.irb.IrbProtocolRulesEngineExecutorImpl"/>
                </requests>
                <requests name="DepartmentReview">
                    <!-- <qualifierResolver>UnitRouting-XPathQualifierResolver</qualifierResolver> -->
                    <qualifierResolverClass>org.kuali.rice.kew.role.NullQualifierResolver</qualifierResolverClass>
                    <ruleTemplate>UnitApproval</ruleTemplate>
                    <activationType>P</activationType>
                    <finalApproval>false</finalApproval>
                </requests>
                <role name="IRBReview">
                    <qualifierResolver>ProtocolApprover-XPathQualifierResolver</qualifierResolver> 
                    <activationType>S</activationType>
                    <ruleTemplate>IRBReview</ruleTemplate>
                </role>                     
            </routeNodes>
        </documentType>
    </documentTypes>

    <ruleAttributes xmlns="ns:workflow/RuleAttribute"
                        xsi:schemaLocation="ns:workflow/RuleAttribute resource:RuleAttribute">
        <ruleAttribute>
            <name>IRBCustomDataAttribute</name>
            <className>org.kuali.rice.kew.rule.xmlrouting.StandardGenericXMLRuleAttribute</className>
            <label>IRBCustomDataAttribute</label>
            <description>IRBCustomDataAttribute</description>
            <type>RuleXmlAttribute</type>
            <routingConfig>
                <fieldDef name="instructorName" title="Instructor Name" workflowType="RULE">
                    <display>
                        <type>text</type>
                    </display>
                    <validation required="false"/>
                    <fieldEvaluation>
                        <xpathexpression>string(//xmlRouting/field[@name='instructorName']/value) = wf:ruledata('instructorName')</xpathexpression>
                    </fieldEvaluation>
                </fieldDef>
                <fieldDef name="courseName" title="Course Name" workflowType="RULE">
                    <display>
                        <type>text</type>
                    </display>
                    <validation required="false"/>
                    <fieldEvaluation>
                        <xpathexpression>string(//xmlRouting/field[@name='courseName']/value) = wf:ruledata('courseName')</xpathexpression>
                    </fieldEvaluation>
                </fieldDef>
            </routingConfig>
        </ruleAttribute>
	
        <ruleAttribute>
            <name>ProtocolApprover-XPathQualifierResolver</name>
            <className>org.kuali.kra.irb.ProtocolQualifierResolver</className>
            <label>ProtocolApprover-XPathQualifierResolver</label>
            <description>To limit the Approval Request to be routed to ProtocolApprovers for this protocol only</description>
            <type>QualifierResolver</type>
            <serviceNamespace>KC</serviceNamespace>
            <resolverConfig>
                <attributes name="protocol">
                    <xPathExpression>//document/protocolList[1]/org.kuali.kra.irb.Protocol[1]/protocolNumber[1]</xPathExpression>
                </attributes>
                <attributes name="unitNumber">
                    <xPathExpression>//document/protocolList[1]/org.kuali.kra.irb.Protocol[1]/leadUnitNumber[1]</xPathExpression>
                </attributes>
            </resolverConfig>
        </ruleAttribute>
		
        <ruleAttribute>
            <serviceNamespace>KC</serviceNamespace>
            <name>ProtocolWorkflowTypeAttribute</name>
            <className>org.kuali.rice.kew.rule.xmlrouting.StandardGenericXMLRuleAttribute</className>
            <label>ProtocolWorkflowTypeAttribute</label>
            <description>ProtocolWorkflowTypeAttribute</description>
            <type>RuleXmlAttribute</type>
            <routingConfig>
                <fieldDef name="protocolWorkflowType" title="protocolWorkflowType" workflowType="RULE">
                    <display>
                        <type>text</type>
                    </display>
                    <validation required="false" />
                    <fieldEvaluation>
                        <!-- expectation: this is run and evaluates to true  -->
                        <xpathexpression>
                            wf:xstreamsafe('//document/protocolWorkflowType') = wf:ruledata('protocolWorkflowType')
                        </xpathexpression>
                    </fieldEvaluation>
                </fieldDef>
            </routingConfig>
        </ruleAttribute>
        
        <!-- 
<ruleAttribute>
                <name>UnitRouting-XPathQualifierResolver</name>
                <className>org.kuali.rice.kew.role.XPathQualifierResolver</className>
                <label>UnitRouting-XPathQualifierResolver</label>
                <description>UnitRouting-XPathQualifierResolver</description>
                <type>QualifierResolver</type>
                <serviceNamespace>KC</serviceNamespace>
                <resolverConfig>
                        <attributes name="unitNumber">
                                <xPathExpression>//document/protocolList[1]/org.kuali.kra.irb.Protocol[1]/leadUnitNumber[1]</xPathExpression>
                        </attributes>
                </resolverConfig>
        </ruleAttribute> -->
		
        <ruleAttribute>
            <name>ProtocolUnitApprovalAttribute</name>
            <className>
                org.kuali.rice.kew.rule.xmlrouting.StandardGenericXMLRuleAttribute
            </className>
            <label>ProtocolUnitApprovalAttribute</label>
            <description>UnitApprovalAttribute</description>
            <type>RuleXmlAttribute</type>
            <serviceNamespace>KC</serviceNamespace>
            <routingConfig>
                <fieldDef name="leadUnitNumber" title="Lead Unit"
                                          workflowType="RULE">
                    <display>
                        <type>text</type>
                    </display>
                    <validation required="false" />
                    <fieldEvaluation>
                        <xpathexpression>
                            wf:xstreamsafe('//document/protocolList[1]/org.kuali.kra.irb.Protocol[1]/leadUnitNumber[1]')= wf:ruledata('leadUnitNumber') and
                            wf:xstreamsafe('//document/protocolWorkflowType') = wf:ruledata('protocolWorkflowType')
                        </xpathexpression>
                    </fieldEvaluation>
                </fieldDef>
            </routingConfig>
        </ruleAttribute>
		
        <!-- Role attribute -->
        <ruleAttribute>
            <name>UnitAdministratorRoleAttribute</name>
            <className>
                org.kuali.kra.workflow.UnitAdministratorRoleAttribute
            </className>
            <label>Protocol Unit Routing</label>
            <description>Protocol Unit Routing</description>
            <type>RuleAttribute</type>
        </ruleAttribute>
		
        <ruleAttribute>
            <name>OrganizationCorrespondentRoleAttribute</name>
            <className>
                org.kuali.kra.workflow.OrganizationCorrespondentRoleAttribute
            </className>
            <label>Protocol Organization Notification</label>
            <description>Protocol Organization Notification</description>
            <type>RuleAttribute</type>
        </ruleAttribute>
		
        <ruleAttribute>
            <name>UnitCorrespondentRoleAttribute</name>
            <className>
                org.kuali.kra.workflow.UnitCorrespondentRoleAttribute
            </className>
            <label>Protocol Unit Notification</label>
            <description>Protocol Unit Notification</description>
            <type>RuleAttribute</type>
        </ruleAttribute>
		
        <ruleAttribute>
            <name>ProtocolReRouteAttribute</name>
            <className>
                org.kuali.rice.kew.rule.xmlrouting.StandardGenericXMLRuleAttribute
            </className>
            <label>ProtocolReRouteAttribute</label>
            <description>ProtocolReRouteAttribute - Indicates if the document is being rerouted</description>
            <type>RuleXmlAttribute</type>
            <serviceNamespace>KC</serviceNamespace>
            <routingConfig>
                <fieldDef name="reRouted" title="Re-Routed"
                                          workflowType="RULE">
                    <display>
                        <type>text</type>
                    </display>
                    <validation required="false" />
                    <fieldEvaluation>
                        <xpathexpression>
                            wf:xstreamsafe('//document/reRouted')= wf:ruledata('reRouted')
                        </xpathexpression>
                    </fieldEvaluation>
                </fieldDef>
            </routingConfig>
        </ruleAttribute>
		        
    </ruleAttributes>
    
    <ruleTemplates xmlns="ns:workflow/RuleTemplate" xsi:schemaLocation="ns:workflow/RuleTemplate resource:RuleTemplate">
        <ruleTemplate allowOverwrite="true">
            <name>AssignedToAgenda</name>
            <description>IRB AssignedToAgenda Routing</description>
            <attributes>
                <attribute>
                    <name>ProtocolWorkflowTypeAttribute</name>
                    <required>true</required>
                </attribute>
            </attributes>
        </ruleTemplate>
        <ruleTemplate allowOverwrite="true">
            <name>IRBReview</name>
            <description>IRB IRBReview Routing</description>
            <attributes>
                <attribute>
                    <name>ProtocolWorkflowTypeAttribute</name>
                    <required>true</required>
                </attribute>
            </attributes>
        </ruleTemplate>
        
        <ruleTemplate allowOverwrite="true">
            <name>UnitApproval</name>
            <description>Unit Approval Routing Rule</description>
            <attributes>
                <attribute>
                    <name>ProtocolUnitApprovalAttribute</name>
                    <required>false</required>
                </attribute>
                <attribute>
                    <name>UnitAdministratorRoleAttribute</name>
                    <required>false</required>
                </attribute>
                <attribute>
                    <name>ProtocolReRouteAttribute</name>
                    <required>true</required>
                </attribute>				
            </attributes>
        </ruleTemplate>

    </ruleTemplates>
	
    <rules xmlns="ns:workflow/Rule" xsi:schemaLocation="ns:workflow/Rule resource:Rule">
        <rule>
            <name>AssignedToAgendaRule</name>
            <documentType>ProtocolDocument</documentType>
            <ruleTemplate>AssignedToAgenda</ruleTemplate>
            <description>AssignedToAgenda Routing</description>
            <forceAction>true</forceAction>
            <ruleExtensions>
                <ruleExtension>            
                    <attribute>ProtocolWorkflowTypeAttribute</attribute>
                    <ruleTemplate>AssignedToAgenda</ruleTemplate>
                    <ruleExtensionValues>
                        <ruleExtensionValue>
                            <key>protocolWorkflowType</key>
                            <value>Normal</value>
                        </ruleExtensionValue>
                    </ruleExtensionValues>
                </ruleExtension>            
            </ruleExtensions>
        </rule>
        <rule>
            <name>IRBReview</name>
            <documentType>ProtocolDocument</documentType>
            <ruleTemplate>IRBReview</ruleTemplate>
            <description>IRBReview Routing</description>
            <forceAction>true</forceAction>
            <ruleExtensions>
                <ruleExtension>            
                    <attribute>ProtocolWorkflowTypeAttribute</attribute>
                    <ruleTemplate>IRBReview</ruleTemplate>
                    <ruleExtensionValues>
                        <ruleExtensionValue>
                            <key>protocolWorkflowType</key>
                            <value>Normal</value>
                        </ruleExtensionValue>
                    </ruleExtensionValues>
                </ruleExtension>            
            </ruleExtensions>
        </rule>
        
        <rule>
            <name>UnitApproval</name>
            <documentType>ProtocolDocument</documentType>
            <ruleTemplate>UnitApproval</ruleTemplate>
            <description>Unit Approval Routing Rule for IN-CARD</description>
            <ruleExtensions>
                <ruleExtension>
                    <attribute>ProtocolUnitApprovalAttribute</attribute>
                    <ruleTemplate>UnitApproval</ruleTemplate>
                    <ruleExtensionValues>
                        <ruleExtensionValue>
                            <key>leadUnitNumber</key>
                            <value>IN-CARD</value>
                        </ruleExtensionValue>
                        <ruleExtensionValue>
                            <key>protocolWorkflowType</key>
                            <value>Normal</value>
                        </ruleExtensionValue>
                        <ruleExtensionValue>
                            <key>reRouted</key>
                            <value>false</value>
                        </ruleExtensionValue>
                    </ruleExtensionValues>
                </ruleExtension>
                <ruleExtension>
                    <attribute>ProtocolReRouteAttribute</attribute>
                    <ruleTemplate>UnitApproval</ruleTemplate>
                    <ruleExtensionValues>
                        <ruleExtensionValue>
                            <key>reRouted</key>
                            <value>false</value>
                        </ruleExtensionValue>
                    </ruleExtensionValues>
                </ruleExtension>
            </ruleExtensions>
			
            <responsibilities>
                <responsibility>
                    <roleName attributeClassName="org.kuali.kra.workflow.UnitAdministratorRoleAttribute">UnitAdministratorRoleAttribute!UnitAdministrator</roleName>
                    <approvePolicy>F</approvePolicy>
                    <actionRequested>A</actionRequested>
                    <priority>1</priority>
                </responsibility>
            </responsibilities>
        </rule>
		
    </rules>
</data>